Player_Sleeper,KTC_Value
Josh Allen,9999
Jayden Daniels,9994
Ja'Marr Chase,9967
Lamar Jackson,9666
Justin Jefferson,9536
Malik Nabers,8532
Joe Burrow,8371
Jahmyr Gibbs,8127
Bijan Robinson,8121
Jalen Hurts,8108
Brock Bowers,8102
CeeDee Lamb,7812
Brian Thomas,7738
Amon-Ra St. Brown,7580
Puka Nacua,7535
2025 Pick 1.01,7344
Patrick Mahomes,7166
Ashton Jeanty,7154
Caleb Williams,6797
Justin Herbert,6794
Drake Maye,6772
Trey McBride,6637
Nico Collins,6630
Drake London,6612
C.J. Stroud,6587
Saquon Barkley,6560
2025 Pick 1.02,6546
Bo Nix,6535
Marvin Harrison Jr.,6438
2025 Early 1st,6418
Jaxon Smith-Njigba,6399
Ladd McConkey,6378
2025 Pick 1.03,6269
Jordan Love,6247
Garrett Wilson,6214
A.J. Brown,6188
De'Von Achane,6160
2025 Pick 1.04, 6001
2025 Pick 1.05, 5770
Kyler Murray,5681
Bucky Irving,5656
J.J. McCarthy,5613
Rome Odunze,5604
Brock Purdy,5594
2026 Early 1st,5593
Tee Higgins,5591
2027 Early 1st,5574
Omarion Hampton,5561
Breece Hall,5555
Baker Mayfield,5512
Michael Penix,5464
Trevor Lawrence,5455
Jonathan Taylor,5439
Kyren Williams,5439
2025 Pick 1.06, 5430
Cam Ward,5426
Sam LaPorta,5421
Rashee Rice,5405
DeVonta Smith,5395
2025 Mid 1st,5388
2025 Pick 1.07,5320
Tetairoa McMillan,5246
2025 Pick 1.08,5044
Jared Goff,5020
2025 Pick 1.09,4988
TreVeyon Henderson,4958
Jordan Addison,4951
James Cook,4942
Travis Hunter,4910
Xavier Worthy,4892
Bryce Young,4876
D.J. Moore,4826
Kenneth Walker III,4761
Zay Flowers,4738
2027 Mid 1st,4733
Dak Prescott,4731
Josh Jacobs,4723
2026 Mid 1st,4721
Tyler Warren,4718
Jaylen Waddle,4711
Quinshon Judkins,4708
Emeka Egbuka,4700
2025 Pick 1.10,4699
Christian McCaffrey,4656
2025 Late 1st,4654
DK Metcalf,4640
Chris Olave,4639
Jameson Williams,4593
Chase Brown,4593
2025 Pick 1.11,4556
Terry McLaurin,4479
2025 Pick 1.12,4420
Tua Tagovailoa,4409
Shedeur Sanders,4391
Derrick Henry,4383
2026 Late 1st,4347
T.J. Hockenson,4301
Luther Burden,4280
Chuba Hubbard,4265
Brandon Aiyuk,4242
2027 Late 1st,4233
George Pickens,4210
Sam Darnold,4197
Ricky Pearsall,4167
Chris Godwin,4156
Mike Evans,4120
George Kittle,4088
Justin Fields,4079
2025 Pick 2.01,4062
2025 Pick 2.02,3968
Colston Loveland,3915
Jayden Reed,3912
Tyreek Hill,3909
Matthew Golden,3904
Kaleb Johnson,3867
2025 Early 2nd,3855
Jerry Jeudy,3822
Joe Mixon,3819
2025 Pick 2.03,3810
Josh Downs,3797
Khalil Shakir,3785
Jaxson Dart,3753
David Montgomery,3747
2025 Pick 2.04,3696
Davante Adams,3674
Anthony Richardson,3653
Keon Coleman,3634
Alvin Kamara,3629
Jalen McMillan,3604
2025 Pick 2.05,3560
Michael Pittman,3501
Geno Smith,3466
Dalton Kincaid,3448
2025 Pick 2.06, 3445
2026 Early 2nd,3445
2025 Mid 2nd,3443
Tyrone Tracy,3438
Courtland Sutton,3397
2025 Pick 2.07,3392
Najee Harris,3387
Tucker Kraft,3371
Kyle Pitts,3369
Cam Skattebo,3353
David Njoku,3345
Zach Charbonnet,3336
Matthew Stafford,3303
2025 Pick 2.08,3300
2027 Early 2nd,3269
Mark Andrews,3265
Jauan Jennings,3261
Trey Benson,3237
2025 Pick 2.09,3233
James Conner,3216
Brian Robinson,3215
Isaiah Likely,3207
Travis Etienne,3187
Jakobi Meyers,3150
2026 Mid 2nd,3106
2025 Pick 2.10,3092
2025 Late 2nd,3080
Jaylen Warren,3073
Isiah Pacheco,3065
Deebo Samuel,3064
Xavier Legette,3049
2025 Pick 2.11,3024
Aaron Jones,2980
Jalen Milroe,2968
Tank Bigsby,2967
Tony Pollard,2941
Jordan Mason,2935
2025 Pick 2.12,2934
Tyjae Spears,2932
Rhamondre Stevenson,2925
Tank Dell,2910
Braelon Allen,2910
2027 Mid 2nd,2906
Cooper Kupp,2905
Evan Engram,2892
Rashid Shaheed,2889
Darnell Mooney,2882
Stefon Diggs,2872
Pat Freiermuth,2867
D'Andre Swift,2842
Calvin Ridley,2826
Marvin Mims,2817
Jonathon Brooks,2817
Cole Kmet,2806
2025 Pick 3.01,2805
Isaac Guerendo,2802
2026 Late 2nd,2800
Cade Otton,2789
Jake Ferguson,2788
Jonnu Smith,2787
Blake Corum,2778
Jaylen Wright,2763
Quentin Johnston,2762
Rashod Bateman,2757
Rachaad White,2752
Travis Kelce,2749
Jalen Coker,2748
Cedric Tillman,2746
Brenton Strange,2745
Adonai Mitchell,2739
Romeo Doubs,2736
Christian Kirk,2712
Ray Davis,2665
Ben Sinnott,2665
2027 Late 2nd,2657
Tre Harris,2650
2025 Pick 3.02,2643
Christian Watson,2641
Dontayvion Wicks,2637
Dallas Goedert,2636
2025 Early 3rd,2635
Dylan Sampson,2635
Marquise Brown,2630
2025 Pick 3.03,2627
Ja'Tavion Sanders,2626
J.K. Dobbins,2604
Russell Wilson,2583
2025 Pick 3.04,2577
Javonte Williams,2560
2025 Pick 3.05,2555
Jayden Higgins,2554
Tyler Allgeier,2544
Wan'Dale Robinson,2540
Devin Neal,2540
2025 Pick 3.06,2517
2025 Mid 3rd,2474
Joe Milton,2454
2025 Pick 3.07,2439
Demario Douglas,2428
Trevor Etienne,2423
Ollie Gordon,2423
Troy Franklin,2422
2025 Pick 3.08,2404
Daniel Jones,2384
Jerome Ford,2351
Derek Carr,2343
Rico Dowdle,2341
Isaiah Bond,2338
2025 Pick 3.09,2326
MarShawn Lloyd,2314
2026 Early 3rd,2304
Michael Mayer,2303
Kendre Miller,2302
Quinn Ewers,2282
Audric Estime,2270
2025 Pick 3.10,2268
Alec Pierce,2261
Bhayshul Tuten,2246
Kirk Cousins,2244
Amari Cooper,2234
Mike Gesicki,2228
Joshua Palmer,2222
Theo Johnson,2216
Noah Gray,2209
2027 Early 3rd,2198
Keenan Allen,2197
2025 Pick 3.11,2182
Chigoziem Okonkwo,2179
Kayshon Boutte,2177
2025 Late 3rd,2169
Luke Musgrave,2157
2026 Mid 3rd,2139
Ja'Lynn Polk,2133
Elic Ayomanor,2113
Michael Wilson,2106
Jameis Winston,2101
2025 Pick 3.12, 2095
Dalton Schultz,2091
Keaton Mitchell,2069
Jordan Whittington,2035
Andrei Iosivas,2027
Austin Ekeler,2021
Jaleel McLaughlin,2007
Will Levis,1993
Harold Fannin,1990
Parker Washington,1989
2027 Mid 3rd,1985
Nick Chubb,1984
Hunter Henry,1982
Jaylin Noel,1979
2026 Late 3rd,1971
Roman Wilson,1961
2025 Pick 4.01,1957
Luke McCaffrey,1929
Jalen Royals,1928
Zach Ertz,1914
Sean Tucker,1914
Juwan Johnson,1906
Dyami Brown,1887
Elijah Moore,1882
Roschon Johnson,1866
Aaron Rodgers,1863
Malik Washington,1861
Spencer Rattler,1847
DJ Giddens,1845
Xavier Restrepo,1843
Jack Bech,1820
RJ Harvey,1816
2025 Pick 4.02,1805
2025 Early 4th,1798
Tutu Atwell,1791
Elijah Arroyo,1788
Adam Thielen,1785
Gabriel Davis,1785
Will Shipley,1785
2025 Pick 4.03,1781
2027 Late 3rd,1779
Tre Tucker,1766
Kimani Vidal,1761
2025 Pick 4.04,1752
Darius Slayton,1747
Isaiah Davis,1740
Damien Martinez,1731
2025 Pick 4.05,1724
Elijah Mitchell,1719
Malachi Corley,1714
DeAndre Hopkins,1712
Noah Fant,1709
2025 Pick 4.06,1708
2025 Mid 4th,1700
Devin Singletary,1696
Kareem Hunt,1691
Erick All,1691
Dawson Knox,1686
Malik Willis,1685
John Metchie,1680
Zack Moss,1679
Javon Baker,1677
Antonio Gibson,1673
2025 Pick 4.07,1672
Jalen Tolbert,1672
Kenny Pickett,1670
2026 Early 4th,1670
Will Howard,1669
2025 Pick 4.08,1657
Luke Schoonmaker,1654
2025 Pick 4.09,1648
Jahan Dotson,1646
Jermaine Burton,1646
Sam Howell,1625
2025 Pick 4.10,1622
2025 Late 4th,1620
Jalin Hyatt,1615
Cade Stover,1615
Mac Jones,1613
2025 Pick 4.11,1612
2025 Pick 4.12,1596
Justice Hill,1579
Devaughn Vele,1546
2027 Early 4th,1531
Kenneth Gainwell,1519
2026 Mid 4th,1513
AJ Barner,1513
Jalen Nailor,1511
Trey Palmer,1507
Curtis Samuel,1497
Nick Westbrook-Ikhine,1492
Joe Flacco,1481
Calvin Austin III,1479
Rondale Moore,1476
Zach Wilson,1467
Tez Johnson,1458
Sincere McCormick,1456
Dillon Gabriel,1442
Jonathan Mingo,1440
Xavier Hutchinson,1435
Jacob Cowing,1420
Mike Williams,1418
Aidan O'Connell,1404
Diontae Johnson,1398
Emanuel Wilson,1386
Tyler Conklin,1377
Jaydon Blue,1377
Khalil Herbert,1375
Alexander Mattison,1365
Dameon Pierce,1365
2027 Mid 4th,1355
Greg Dortch,1353
Ty Johnson,1347
Tyler Higbee,1344
Cam Akers,1327
Darnell Washington,1325
Tahj Washington,1322
Taysom Hill,1321
Jake Bobo,1306
Mason Rudolph,1299
Bub Means,1292
2026 Late 4th,1291
Kendrick Bourne,1288
Devontez Walker,1282
Colby Parkinson,1277
Will Dissly,1270
Ray-Ray McCloud,1270
Daniel Bellinger,1257
Zamir White,1243
Brandin Cooks,1233
Treylon Burks,1224
Grant Calcaterra,1215
Miles Sanders,1214
Noah Brown,1201
Tommy Tremble,1200
Jordan Travis,1196
Israel Abanikanda,1195
Hendon Hooker,1192
Jared Wiley,1190
Brenden Rice,1189
AJ Dillon,1182
Gardner Minshew,1180
Olamide Zaccheaus,1161
2027 Late 4th,1161
Demarcus Robinson,1157
Greg Dulcich,1146
Brevin Jordan,1144
Mason Taylor,1126
Tyler Lockett,1125
Ty Chandler,1124
Chris Rodriguez,1119
JuJu Smith-Schuster,1108
Bo Melton,1106
Drew Lock,1105
Rasheen Ali,1095
Gunnar Helm,1084
Xavier Gipson,1061
KaVontae Turpin,1060
Tyler Shough,1057
Raheem Mostert,1048
Jordan James,1039
Frank Gore Jr.,1034
Johnny Wilson,1033
Marquez Valdes-Scantling,1031
Jake Browning,1022
Elijah Higgins,1022
Mack Hollins,1021
Jelani Woods,1018
Davis Allen,1014
Tyler Goodson,1009
Stone Smartt,1001
Michael Carter,996
Sione Vaki,978
Carson Steele,976
Dylan Laube,973
Mason Tipton,968
K.J. Osborn,966
Deuce Vaughn,963
A.T. Perry,962
Tim Patrick,954
Mecole Hardman,954
Foster Moreau,950
Trey Lance,944
Tyler Badie,933
Van Jefferson,932
Terrace Marshall,916
Deshaun Watson,915
Dorian Thompson-Robinson,907
Riley Leonard,905
Allen Lazard,903
Jeremy Ruckert,901
Jamari Thrash,901
Samaje Perine,899
Emari Demercado,895
Eric Gray,890
Tyler Johnson,880
Terrance Ferguson,879
Tyler Huntley,875
Jase McClellan,875
Jacoby Brissett,873
Ainias Smith,870
Trey Sermon,866
David Bell,865
Jaheim Bell,865
Kyle McCord,862
Zay Jones,856
Pierre Strong Jr.,856
Isaiah Spiller,854
Clyde Edwards-Helaire,842
Tyquan Thornton,841
Tyler Scott,834
KJ Hamler,827
Tylan Wallace,823
Tyler Boyd,822
Hassan Haskins,822
Brock Wright,820
Donovan Edwards,819
Isaiah Hodgins,818
Cooper Rush,818
Kenny McIntosh,805
Desmond Ridder,803
Rakim Jarrett,802
Gus Edwards,790
Brashard Smith,781
Irv Smith,775
Tyrod Taylor,773
Derius Davis,771
D.J. Chark,766
Skyy Moore,759
Hayden Hurst,757
Joshua Dobbs,756
Marcus Mariota,752
Chris Brooks,752
Kendall Milton,742
Josh Reynolds,731
Ryan Flournoy,726
Lil'Jordan Humphrey,725
LeQuint Allen,715
Josh Oliver,703
Tyson Bagent,701
Adam Trautman,691
Devin Duvernay,682
Josh Whyle,681
Andy Dalton,680
Kalif Raymond,673
Tommy DeVito,671
Sterling Shepard,663
Jarrett Stidham,662
Malik Heath,653
D'Onta Foreman,651
Austin Hooper,648
Cedrick Wilson,643
Craig Reynolds,634
Bailey Zappe,632
Kylen Granson,624
Justyn Ross,620
Kyle Trask,615
Trayveon Williams,612
Justin Watson,588
Peyton Hendershot,585
Davis Mills,577
Tip Reiman,577
Julius Chestnut,562
Jalen Reagor,551
Taylor Heinicke,550
Drew Sample,549
Tory Horton,549
Jake Haener,541
Travis Homer,530
Raheem Blackshear,529
Charlie Kolar,525
Chris Evans,524
Harrison Bryant,522
Oronde Gadsen II,520
DeeJay Dallas,518
David Moore,515
Ronnie Rivers,496
Raheim Sanders,488
Charlie Jones,482
