Sleeper_Player_ID,Team_Owner,Roster_ID,Player_Sleeper,Position,Team,Player_KTC,KTC_Value
11439,jtffb,1,Jaleel McLaughlin,RB,DEN,Jaleel McLaughlin,2007
11560,jtffb,1,Caleb Williams,QB,CHI,Caleb Williams,6797
11575,jtffb,1,Ray Davis,RB,BUF,Ray Davis,2665
11583,jtffb,1,Jonathon Brooks,RB,CAR,Jonathon Brooks,2817
11596,jtffb,1,Ben Sinnott,TE,WAS,Ben Sinnott,2665
11597,jtffb,1,Theo Johnson,TE,NYG,Theo Johnson,2216
11599,jtffb,1,Cade Stover,TE,HOU,Cade Stover,1615
11619,jtffb,1,Ja'Lynn Polk,WR,NE,Ja'Lynn Polk,2133
11625,jtffb,1,Adonai Mitchell,WR,IND,Adonai Mitchell,2739
11629,jtffb,1,Devontez Walker,WR,BAL,Devontez Walker,1282
11633,jtffb,1,Jamari Thrash,WR,CLE,Jamari Thrash,901
11638,jtffb,1,Ricky Pearsall,WR,SF,Ricky Pearsall,4167
11646,jtffb,1,Jalen Coker,WR,CAR,Jalen Coker,2748
11716,jtffb,1,Tip Reiman,TE,ARI,Tip Reiman,577
4017,jtffb,1,Deshaun Watson,QB,CLE,Deshaun Watson,915
4046,jtffb,1,Patrick Mahomes,QB,KC,Patrick Mahomes,7166
5846,jtffb,1,DK Metcalf,WR,PIT,DK Metcalf,4640
6151,jtffb,1,Miles Sanders,RB,DAL,Miles Sanders,1214
7527,jtffb,1,Mac Jones,QB,SF,Mac Jones,1613
7587,jtffb,1,Dyami Brown,WR,JAX,Dyami Brown,1887
8119,jtffb,1,Jahan Dotson,WR,PHI,Jahan Dotson,1646
8147,jtffb,1,John Metchie,WR,HOU,John Metchie,1680
8148,jtffb,1,Jameson Williams,WR,DET,Jameson Williams,4593
8168,jtffb,1,Skyy Moore,WR,KC,Skyy Moore,759
9227,jtffb,1,Israel Abanikanda,RB,SF,Israel Abanikanda,1195
9484,jtffb,1,Tucker Kraft,TE,GB,Tucker Kraft,3371
9497,jtffb,1,Jalin Hyatt,WR,NYG,Jalin Hyatt,1615
9505,jtffb,1,Deuce Vaughn,RB,DAL,Deuce Vaughn,963
9506,jtffb,1,Sean Tucker,RB,TB,Sean Tucker,1914
9508,jtffb,1,Tyjae Spears,RB,TEN,Tyjae Spears,2932
9511,jtffb,1,Keaton Mitchell,RB,BAL,Keaton Mitchell,2069
9757,jtffb,1,Kendre Miller,RB,NO,Kendre Miller,2302
6960,Rosterbator,2,Tyler Johnson,WR,NYJ,Tyler Johnson,880
4033,Rosterbator,2,David Njoku,TE,CLE,David Njoku,3345
5374,Rosterbator,2,Justin Watson,WR,HOU,Justin Watson,588
11435,Rosterbator,2,Emanuel Wilson,RB,GB,Emanuel Wilson,1386
10871,Rosterbator,2,Luke Schoonmaker,TE,DAL,Luke Schoonmaker,1654
9492,Rosterbator,2,Trey Palmer,WR,TB,Trey Palmer,1507
8202,Rosterbator,2,Michael Woods,WR,CLE,,0
6943,Rosterbator,2,Gabe Davis,WR,JAX,,0
5032,Rosterbator,2,Jordan Akins,TE,,,0
2078,Rosterbator,2,Odell Beckham,WR,,,0
1234,Rosterbator,2,Russell Wilson,QB,NYG,Russell Wilson,2583
1479,Rosterbator,2,Keenan Allen,WR,,Keenan Allen,2197
5985,Rosterbator,2,Foster Moreau,TE,NO,Foster Moreau,950
4039,Rosterbator,2,Cooper Kupp,WR,SEA,Cooper Kupp,2905
10866,Rosterbator,2,Aidan O'Connell,QB,LV,Aidan O'Connell,1404
4177,Rosterbator,2,Mack Hollins,WR,NE,Mack Hollins,1021
5248,Rosterbator,2,Gus Edwards,RB,,Gus Edwards,790
4993,Rosterbator,2,Mike Gesicki,TE,CIN,Mike Gesicki,2228
11655,Rosterbator,2,Tyrone Tracy,RB,NYG,Tyrone Tracy,3438
5967,Rosterbator,2,Tony Pollard,RB,TEN,Tony Pollard,2941
4866,Rosterbator,2,Saquon Barkley,RB,PHI,Saquon Barkley,6560
2216,Rosterbator,2,Mike Evans,WR,TB,Mike Evans,4120
4663,Rosterbator,2,Austin Ekeler,RB,WAS,Austin Ekeler,2021
5209,Rosterbator,2,Mike Boone,RB,,,0
3271,Rosterbator,2,Tyler Higbee,TE,LAR,Tyler Higbee,1344
9486,Rosterbator,2,Dontayvion Wicks,WR,GB,Dontayvion Wicks,2637
6797,Rosterbator,2,Justin Herbert,QB,LAC,Justin Herbert,6794
4082,Rosterbator,2,Curtis Samuel,WR,BUF,Curtis Samuel,1497
7496,Rosterbator,2,Nick Westbrook-Ikhine,WR,MIA,Nick Westbrook-Ikhine,1492
6820,Rosterbator,2,Clyde Edwards-Helaire,RB,NO,Clyde Edwards-Helaire,842
8136,Rosterbator,2,Rachaad White,RB,TB,Rachaad White,2752
11557,Rosterbator,2,Joe Milton,QB,DAL,Joe Milton,2454
3294,Rosterbator,2,Dak Prescott,QB,DAL,Dak Prescott,4731
2359,Rosterbator,2,Ameer Abdullah,RB,,,0
6813,MelloNello,3,Jonathan Taylor,RB,IND,Jonathan Taylor,5439
7716,MelloNello,3,John Bates,TE,WAS,,0
5850,MelloNello,3,Josh Jacobs,RB,GB,Josh Jacobs,4723
9758,MelloNello,3,C.J. Stroud,QB,HOU,C.J. Stroud,6587
4035,MelloNello,3,Alvin Kamara,RB,NO,Alvin Kamara,3629
7528,MelloNello,3,Najee Harris,RB,LAC,Najee Harris,3387
4098,MelloNello,3,Kareem Hunt,RB,KC,Kareem Hunt,1691
8126,MelloNello,3,Wan'Dale Robinson,WR,NYG,Wan'Dale Robinson,2540
5857,MelloNello,3,Noah Fant,TE,SEA,Noah Fant,1709
6011,MelloNello,3,Gardner Minshew,QB,KC,Gardner Minshew,1180
4018,MelloNello,3,Joe Mixon,RB,HOU,Joe Mixon,3819
5927,MelloNello,3,Terry McLaurin,WR,WAS,Terry McLaurin,4479
7571,MelloNello,3,Rashod Bateman,WR,BAL,Rashod Bateman,2757
2306,MelloNello,3,Jameis Winston,QB,NYG,Jameis Winston,2101
4217,MelloNello,3,George Kittle,TE,SF,George Kittle,4088
10214,MelloNello,3,Davis Allen,TE,LAR,Davis Allen,1014
10857,MelloNello,3,Stetson Bennett,QB,LAR,,0
2028,MelloNello,3,Derek Carr,QB,NO,Derek Carr,2343
5133,MelloNello,3,Tyler Conklin,TE,LAC,Tyler Conklin,1377
1689,MelloNello,3,Adam Thielen,WR,CAR,Adam Thielen,1785
5022,MelloNello,3,Dallas Goedert,TE,PHI,Dallas Goedert,2636
4068,MelloNello,3,Mike Williams,WR,LAC,Mike Williams,1418
5937,MelloNello,3,Diontae Johnson,WR,,Diontae Johnson,1398
5859,MelloNello,3,A.J. Brown,WR,PHI,A.J. Brown,6188
9479,MelloNello,3,Darnell Washington,TE,PIT,Darnell Washington,1325
4171,MelloNello,3,Josh Reynolds,WR,NYJ,Josh Reynolds,731
4981,MelloNello,3,Calvin Ridley,WR,TEN,Calvin Ridley,2826
5973,MelloNello,3,Josh Oliver,TE,MIN,Josh Oliver,703
4988,MelloNello,3,Nick Chubb,RB,,Nick Chubb,1984
4892,MelloNello,3,Baker Mayfield,QB,TB,Baker Mayfield,5512
5872,MelloNello,3,Deebo Samuel,WR,WAS,Deebo Samuel,3064
8154,MelloNello,3,Brian Robinson,RB,WAS,Brian Robinson,3215
6130,MelloNello,3,Devin Singletary,RB,NYG,Devin Singletary,1696
1373,MelloNello,3,Geno Smith,QB,LV,Geno Smith,3466
7606,MelloNello,3,Kadarius Toney,WR,,,0
8134,MelloNello,3,Khalil Shakir,WR,BUF,Khalil Shakir,3785
8210,bharris724,4,Chig Okonkwo,TE,TEN,,0
11034,bharris724,4,Jalen Brooks,WR,DAL,,0
6149,bharris724,4,Darius Slayton,WR,NYG,Darius Slayton,1747
8172,bharris724,4,Greg Dulcich,TE,NYG,Greg Dulcich,1146
11645,bharris724,4,Javon Baker,WR,NE,Javon Baker,1677
7611,bharris724,4,Rhamondre Stevenson,RB,NE,Rhamondre Stevenson,2925
8583,bharris724,4,Stone Smartt,TE,NYJ,Stone Smartt,1001
7543,bharris724,4,Travis Etienne,RB,JAX,Travis Etienne,3187
6826,bharris724,4,Cole Kmet,TE,CHI,Cole Kmet,2806
8129,bharris724,4,Dameon Pierce,RB,HOU,Dameon Pierce,1365
4381,bharris724,4,Taysom Hill,TE,NO,Taysom Hill,1321
10444,bharris724,4,Cedric Tillman,WR,CLE,Cedric Tillman,2746
3214,bharris724,4,Hunter Henry,TE,NE,Hunter Henry,1982
10213,bharris724,4,Tre Tucker,WR,LV,Tre Tucker,1766
11577,bharris724,4,Will Shipley,RB,PHI,Will Shipley,1785
11617,bharris724,4,Malachi Corley,WR,NYJ,Malachi Corley,1714
10226,bharris724,4,Andrei Iosivas,WR,CIN,Andrei Iosivas,2027
7562,bharris724,4,Tutu Atwell,WR,LAR,Tutu Atwell,1791
3321,bharris724,4,Tyreek Hill,WR,MIA,Tyreek Hill,3909
10215,bharris724,4,Jake Haener,QB,NO,Jake Haener,541
7694,bharris724,4,Tommy Tremble,TE,CAR,Tommy Tremble,1200
5987,bharris724,4,Alexander Mattison,RB,MIA,Alexander Mattison,1365
9228,bharris724,4,Bryce Young,QB,CAR,Bryce Young,4876
1535,bharris724,4,Cordarrelle Patterson,RB,PIT,,0
11567,bharris724,4,Jordan Travis,QB,NYJ,Jordan Travis,1196
8125,bharris724,4,Calvin Austin,WR,PIT,,0
1339,bharris724,4,Zach Ertz,TE,WAS,Zach Ertz,1914
3634,bharris724,4,Kalif Raymond,WR,DET,Kalif Raymond,673
3225,bharris724,4,Tyler Boyd,WR,,Tyler Boyd,822
6804,bharris724,4,Jordan Love,QB,GB,Jordan Love,6247
2197,bharris724,4,Brandin Cooks,WR,NO,Brandin Cooks,1233
9488,bharris724,4,Jaxon Smith-Njigba,WR,SEA,Jaxon Smith-Njigba,6399
8138,bharris724,4,James Cook,RB,BUF,James Cook,4942
2325,Koopatroopa8,5,Nelson Agholor,WR,,,0
8155,Koopatroopa8,5,Breece Hall,RB,NYJ,Breece Hall,5555
5086,Koopatroopa8,5,Marquez Valdes-Scantling,WR,SEA,Marquez Valdes-Scantling,1031
4464,Koopatroopa8,5,Nick Mullens,QB,JAX,,0
8249,Koopatroopa8,5,Lucas Krull,TE,DEN,,0
9997,Koopatroopa8,5,Zay Flowers,WR,BAL,Zay Flowers,4738
8144,Koopatroopa8,5,Chris Olave,WR,NO,Chris Olave,4639
4951,Koopatroopa8,5,DJ Chark,WR,,,0
10212,Koopatroopa8,5,Josh Whyle,TE,TEN,Josh Whyle,681
6931,Koopatroopa8,5,DeeJay Dallas,RB,ARI,DeeJay Dallas,518
11306,Koopatroopa8,5,Xavier Gipson,WR,NYJ,Xavier Gipson,1061
2449,Koopatroopa8,5,Stefon Diggs,WR,NE,Stefon Diggs,2872
7547,Koopatroopa8,5,Amon-Ra St. Brown,WR,DET,Amon-Ra St. Brown,7580
11595,Koopatroopa8,5,Jared Wiley,TE,KC,Jared Wiley,1190
3163,Koopatroopa8,5,Jared Goff,QB,DET,Jared Goff,5020
10229,Koopatroopa8,5,Rashee Rice,WR,KC,Rashee Rice,5405
3357,Koopatroopa8,5,Brandon Allen,QB,TEN,,0
8676,Koopatroopa8,5,Rashid Shaheed,WR,NO,Rashid Shaheed,2889
8143,Koopatroopa8,5,Jerome Ford,RB,CLE,Jerome Ford,2351
4351,Koopatroopa8,5,Tim Patrick,WR,DET,Tim Patrick,954
8253,Koopatroopa8,5,Deven Thompkins,WR,,,0
5938,Koopatroopa8,5,Lil'Jordan Humphrey,WR,NYG,Lil'Jordan Humphrey,725
11895,Koopatroopa8,5,Mason Tipton,WR,NO,Mason Tipton,968
11650,Koopatroopa8,5,Luke McCaffrey,WR,WAS,Luke McCaffrey,1929
8145,Koopatroopa8,5,Jeremy Ruckert,TE,NYJ,Jeremy Ruckert,901
4219,Koopatroopa8,5,Jeremy McNichols,RB,WAS,,0
4881,Koopatroopa8,5,Lamar Jackson,QB,BAL,Lamar Jackson,9666
8180,Koopatroopa8,5,Jalen Nailor,WR,MIN,Jalen Nailor,1511
6801,Koopatroopa8,5,Tee Higgins,WR,CIN,Tee Higgins,5591
10867,Koopatroopa8,5,Jake Bobo,WR,SEA,Jake Bobo,1306
7842,Koopatroopa8,5,Luke Farrell,TE,SF,,0
4037,Koopatroopa8,5,Chris Godwin,WR,TB,Chris Godwin,4156
11636,Koopatroopa8,5,Johnny Wilson,WR,PHI,Johnny Wilson,1033
10210,joeycheesestix,6,Cameron Latu,TE,PHI,,0
10219,joeycheesestix,6,Chris Rodriguez,RB,WAS,Chris Rodriguez,1119
10235,joeycheesestix,6,Roschon Johnson,RB,CHI,Roschon Johnson,1866
10859,joeycheesestix,6,Sam LaPorta,TE,DET,Sam LaPorta,5421
11256,joeycheesestix,6,Tyson Bagent,QB,CHI,Tyson Bagent,701
11566,joeycheesestix,6,Jayden Daniels,QB,WAS,Jayden Daniels,9994
11586,joeycheesestix,6,Blake Corum,RB,LAR,Blake Corum,2778
11600,joeycheesestix,6,Ja'Tavion Sanders,TE,CAR,Ja'Tavion Sanders,2626
11627,joeycheesestix,6,Troy Franklin,WR,DEN,Troy Franklin,2422
11631,joeycheesestix,6,Brian Thomas,WR,JAX,,0
11643,joeycheesestix,6,Jaylen Wright,RB,MIA,Jaylen Wright,2763
1837,joeycheesestix,6,Jimmy Garoppolo,QB,LAR,,0
3286,joeycheesestix,6,Demarcus Robinson,WR,SF,Demarcus Robinson,1157
4147,joeycheesestix,6,Samaje Perine,RB,CIN,Samaje Perine,899
4197,joeycheesestix,6,Isaiah McKenzie,WR,,,0
5012,joeycheesestix,6,Mark Andrews,TE,BAL,Mark Andrews,3265
5113,joeycheesestix,6,Cedrick Wilson,WR,NO,Cedrick Wilson,643
5917,joeycheesestix,6,Mecole Hardman,WR,GB,Mecole Hardman,954
6427,joeycheesestix,6,Ashton Dulin,WR,IND,,0
6659,joeycheesestix,6,Craig Reynolds,RB,DET,Craig Reynolds,634
6768,joeycheesestix,6,Tua Tagovailoa,QB,MIA,Tua Tagovailoa,4409
6843,joeycheesestix,6,Albert Okwuegbunam,TE,IND,,0
6984,joeycheesestix,6,Tony Jones,RB,,,0
7594,joeycheesestix,6,Chuba Hubbard,RB,CAR,Chuba Hubbard,4265
8146,joeycheesestix,6,Garrett Wilson,WR,NYJ,Garrett Wilson,6214
8161,joeycheesestix,6,Malik Willis,QB,GB,Malik Willis,1685
9224,joeycheesestix,6,Chase Brown,RB,CIN,Chase Brown,4593
9226,joeycheesestix,6,De'Von Achane,RB,MIA,De'Von Achane,6160
9481,joeycheesestix,6,Luke Musgrave,TE,GB,Luke Musgrave,2157
9494,joeycheesestix,6,Marvin Mims,WR,DEN,Marvin Mims,2817
9504,joeycheesestix,6,Kayshon Boutte,WR,NE,Kayshon Boutte,2177
9754,joeycheesestix,6,Quentin Johnston,WR,LAC,Quentin Johnston,2762
6865,imnotgood,7,Colby Parkinson,TE,LAR,Colby Parkinson,1277
11564,imnotgood,7,Drake Maye,QB,NE,Drake Maye,6772
11640,imnotgood,7,Jermaine Burton,WR,CIN,Jermaine Burton,1646
5001,imnotgood,7,Dalton Schultz,TE,HOU,Dalton Schultz,2091
5970,imnotgood,7,Greg Dortch,WR,ARI,Greg Dortch,1353
8162,imnotgood,7,Sam Howell,QB,SEA,Sam Howell,1625
6794,imnotgood,7,Justin Jefferson,WR,MIN,Justin Jefferson,9536
8228,imnotgood,7,Jaylen Warren,RB,PIT,Jaylen Warren,3073
11603,imnotgood,7,AJ Barner,TE,SEA,AJ Barner,1513
11623,imnotgood,7,Jordan Whittington,WR,LAR,Jordan Whittington,2035
6845,imnotgood,7,Zack Moss,RB,CIN,Zack Moss,1679
5892,imnotgood,7,David Montgomery,RB,DET,David Montgomery,3747
11570,imnotgood,7,Rasheen Ali,RB,BAL,Rasheen Ali,1095
10236,imnotgood,7,Dalton Kincaid,TE,BUF,Dalton Kincaid,3448
7090,imnotgood,7,Darnell Mooney,WR,ATL,Darnell Mooney,2882
7610,imnotgood,7,Trey Lance,QB,LAC,Trey Lance,944
4983,imnotgood,7,DJ Moore,WR,CHI,,0
10225,imnotgood,7,Jonathan Mingo,WR,DAL,Jonathan Mingo,1440
11565,imnotgood,7,J.J. McCarthy,QB,MIN,J.J. McCarthy,5613
6945,imnotgood,7,Antonio Gibson,RB,NE,Antonio Gibson,1673
8130,imnotgood,7,Trey McBride,TE,ARI,Trey McBride,6637
7591,imnotgood,7,Justin Fields,QB,NYJ,Justin Fields,4079
9493,imnotgood,7,Puka Nacua,WR,LAR,Puka Nacua,7535
10862,imnotgood,7,Dorian Thompson-Robinson,QB,PHI,Dorian Thompson-Robinson,907
9480,imnotgood,7,Brenton Strange,TE,JAX,Brenton Strange,2745
96,imnotgood,7,Aaron Rodgers,QB,,Aaron Rodgers,1863
11618,imnotgood,7,Jalen McMillan,WR,TB,Jalen McMillan,3604
11592,imnotgood,7,Erick All,TE,CIN,Erick All,1691
6790,imnotgood,7,D'Andre Swift,RB,CHI,D'Andre Swift,2842
7608,imnotgood,7,Khalil Herbert,RB,IND,Khalil Herbert,1375
11647,imnotgood,7,Kimani Vidal,RB,LAC,Kimani Vidal,1761
11579,imnotgood,7,Audric Estime,RB,DEN,Audric Estime,2270
11616,imnotgood,7,Jacob Cowing,WR,SF,Jacob Cowing,1420
6786,imnotgood,7,CeeDee Lamb,WR,DAL,CeeDee Lamb,7812
6819,Redwards,8,Michael Pittman,WR,IND,Michael Pittman,3501
11604,Redwards,8,Brock Bowers,TE,LV,Brock Bowers,8102
9502,Redwards,8,Tank Dell,WR,HOU,Tank Dell,2910
9482,Redwards,8,Michael Mayer,TE,LV,Michael Mayer,2303
8255,Redwards,8,Raheem Blackshear,RB,CAR,Raheem Blackshear,529
11834,Redwards,8,Devaughn Vele,WR,DEN,Devaughn Vele,1546
5045,Redwards,8,Courtland Sutton,WR,DEN,Courtland Sutton,3397
6938,Redwards,8,Cam Akers,RB,,Cam Akers,1327
8150,Redwards,8,Kyren Williams,RB,LAR,Kyren Williams,5439
4274,Redwards,8,David Moore,WR,CAR,David Moore,515
10234,Redwards,8,Derius Davis,WR,LAC,Derius Davis,771
9221,Redwards,8,Jahmyr Gibbs,RB,DET,Jahmyr Gibbs,8127
10227,Redwards,8,Payne Durham,TE,TB,,0
6770,Redwards,8,Joe Burrow,QB,CIN,Joe Burrow,8371
9509,Redwards,8,Bijan Robinson,RB,ATL,Bijan Robinson,8121
2374,Redwards,8,Tyler Lockett,WR,,Tyler Lockett,1125
8917,Redwards,8,KaVontae Turpin,WR,DAL,KaVontae Turpin,1060
8220,Redwards,8,Sincere McCormick,RB,LV,Sincere McCormick,1456
8142,Redwards,8,Alec Pierce,WR,IND,Alec Pierce,2261
2410,Redwards,8,Jamison Crowder,WR,,,0
8132,Redwards,8,Tyler Allgeier,RB,ATL,Tyler Allgeier,2544
7021,Redwards,8,Rico Dowdle,RB,CAR,Rico Dowdle,2341
11651,Redwards,8,Isaac Guerendo,RB,SF,Isaac Guerendo,2802
9999,Redwards,8,Will Levis,QB,TEN,Will Levis,1993
8205,Redwards,8,Isiah Pacheco,RB,KC,Isiah Pacheco,3065
11635,Redwards,8,Ladd McConkey,WR,LAC,Ladd McConkey,6378
5844,Redwards,8,T.J. Hockenson,TE,MIN,T.J. Hockenson,4301
10222,Redwards,8,Jayden Reed,WR,GB,Jayden Reed,3912
4943,Redwards,8,Sam Darnold,QB,SEA,Sam Darnold,4197
7049,Redwards,8,Jauan Jennings,WR,SF,Jauan Jennings,3261
5995,Redwards,8,Justice Hill,RB,BAL,Justice Hill,1579
7828,Redwards,8,Noah Gray,TE,KC,Noah Gray,2209
8116,Redwards,8,Pierre Strong,RB,CLE,,0
11584,Redwards,8,Bucky Irving,RB,TB,Bucky Irving,5656
6814,Schumer21,9,Laviska Shenault,WR,BUF,,0
4029,Schumer21,9,Dalvin Cook,RB,,,0
11024,Schumer21,9,Grant DuBose,WR,,,0
4984,Schumer21,9,Josh Allen,QB,BUF,Josh Allen,9999
11621,Schumer21,9,Brenden Rice,WR,LAC,Brenden Rice,1189
3202,Schumer21,9,Austin Hooper,TE,NE,Austin Hooper,648
11815,Schumer21,9,Cornelius Johnson,WR,GB,,0
6074,Schumer21,9,Donald Parham,TE,PIT,,0
11637,Schumer21,9,Keon Coleman,WR,BUF,Keon Coleman,3634
3161,Schumer21,9,Carson Wentz,QB,,,0
8159,Schumer21,9,Desmond Ridder,QB,,Desmond Ridder,803
7567,Schumer21,9,Kenneth Gainwell,RB,PIT,Kenneth Gainwell,1519
11563,Schumer21,9,Bo Nix,QB,DEN,Bo Nix,6535
11628,Schumer21,9,Marvin Harrison,WR,ARI,,0
11624,Schumer21,9,Xavier Worthy,WR,KC,Xavier Worthy,4892
5848,Schumer21,9,Hollywood Brown,WR,KC,,0
8112,Schumer21,9,Drake London,WR,ATL,Drake London,6612
6869,Schumer21,9,Adam Trautman,TE,DEN,Adam Trautman,691
6694,Schumer21,9,D'Ernest Johnson,RB,,,0
6885,Schumer21,9,Ke'Shawn Vaughn,RB,,,0
8157,Schumer21,9,Bailey Zappe,QB,KC,Bailey Zappe,632
8135,Schumer21,9,Treylon Burks,WR,TEN,Treylon Burks,1224
11630,Schumer21,9,Roman Wilson,WR,PIT,Roman Wilson,1961
7605,Schumer21,9,Kyle Trask,QB,TB,Kyle Trask,615
8117,Schumer21,9,Jalen Tolbert,WR,DAL,Jalen Tolbert,1672
7564,Schumer21,9,Ja'Marr Chase,WR,CIN,Ja'Marr Chase,9967
11589,Schumer21,9,Trey Benson,RB,ARI,Trey Benson,3237
5185,Schumer21,9,Allen Lazard,WR,NYJ,Allen Lazard,903
4574,Schumer21,9,Cooper Rush,QB,BAL,Cooper Rush,818
10232,Schumer21,9,Michael Wilson,WR,ARI,Michael Wilson,2106
6111,Schumer21,9,Jake Browning,QB,CIN,Jake Browning,1022
7593,Schumer21,9,Trey Sermon,RB,,Trey Sermon,866
5854,Schumer21,9,Drew Lock,QB,SEA,Drew Lock,1105
7553,Schumer21,9,Kyle Pitts,TE,ATL,Kyle Pitts,3369
7588,PolarVortex,10,Javonte Williams,RB,DAL,Javonte Williams,2560
5409,PolarVortex,10,Tanner Hudson,TE,CIN,,0
2307,PolarVortex,10,Marcus Mariota,QB,WAS,Marcus Mariota,752
4972,PolarVortex,10,Mason Rudolph,QB,PIT,Mason Rudolph,1299
6039,PolarVortex,10,Ty Johnson,RB,BUF,Ty Johnson,1347
9500,PolarVortex,10,Josh Downs,WR,IND,Josh Downs,3797
7595,PolarVortex,10,Tylan Wallace,WR,BAL,Tylan Wallace,823
8204,PolarVortex,10,Bo Melton,WR,GB,Bo Melton,1106
11729,PolarVortex,10,Sione Vaki,RB,DET,Sione Vaki,978
7600,PolarVortex,10,Pat Freiermuth,TE,PIT,Pat Freiermuth,2867
8121,PolarVortex,10,Romeo Doubs,WR,GB,Romeo Doubs,2736
10218,PolarVortex,10,Xavier Hutchinson,WR,HOU,Xavier Hutchinson,1435
11581,PolarVortex,10,MarShawn Lloyd,RB,GB,MarShawn Lloyd,2314
8151,PolarVortex,10,Kenneth Walker,RB,SEA,,0
7891,PolarVortex,10,Brock Wright,TE,DET,Brock Wright,820
8183,PolarVortex,10,Brock Purdy,QB,SF,Brock Purdy,5594
8207,PolarVortex,10,Tyler Goodson,RB,IND,Tyler Goodson,1009
7525,PolarVortex,10,DeVonta Smith,WR,PHI,DeVonta Smith,5395
11559,PolarVortex,10,Michael Penix,QB,ATL,,0
4973,PolarVortex,10,Hayden Hurst,TE,,Hayden Hurst,757
6271,PolarVortex,10,Olamide Zaccheaus,WR,CHI,Olamide Zaccheaus,1161
8160,PolarVortex,10,Kenny Pickett,QB,CLE,Kenny Pickett,1670
6996,PolarVortex,10,JaMycal Hasty,RB,,,0
4040,PolarVortex,10,JuJu Smith-Schuster,WR,KC,JuJu Smith-Schuster,1108
7607,PolarVortex,10,Michael Carter,RB,ARI,Michael Carter,996
8177,PolarVortex,10,Grant Calcaterra,TE,PHI,Grant Calcaterra,1215
8110,PolarVortex,10,Jake Ferguson,TE,DAL,Jake Ferguson,2788
9998,PolarVortex,10,Hendon Hooker,QB,DET,Hendon Hooker,1192
11620,PolarVortex,10,Rome Odunze,WR,CHI,Rome Odunze,5604
6904,PolarVortex,10,Jalen Hurts,QB,PHI,Jalen Hurts,8108
7526,PolarVortex,10,Jaylen Waddle,WR,MIA,Jaylen Waddle,4711
11571,PolarVortex,10,Isaiah Davis,RB,NYJ,Isaiah Davis,1740
11574,PolarVortex,10,Dylan Laube,RB,LV,Dylan Laube,973
11370,PolarVortex,10,Chris Brooks,RB,GB,Chris Brooks,752
4234,CSmithTFDR,11,Noah Brown,WR,WAS,Noah Brown,1201
6806,CSmithTFDR,11,J.K. Dobbins,RB,,J.K. Dobbins,2604
7002,CSmithTFDR,11,Juwan Johnson,TE,NO,Juwan Johnson,1906
1426,CSmithTFDR,11,DeAndre Hopkins,WR,BAL,DeAndre Hopkins,1712
1466,CSmithTFDR,11,Travis Kelce,TE,KC,Travis Kelce,2749
5096,CSmithTFDR,11,Ray-Ray McCloud,WR,ATL,Ray-Ray McCloud,1270
6853,CSmithTFDR,11,Van Jefferson,WR,TEN,Van Jefferson,932
4144,CSmithTFDR,11,Jonnu Smith,TE,MIA,Jonnu Smith,2787
5010,CSmithTFDR,11,Will Dissly,TE,LAC,Will Dissly,1270
7670,CSmithTFDR,11,Joshua Palmer,WR,BUF,Joshua Palmer,2222
4199,CSmithTFDR,11,Aaron Jones,RB,MIN,Aaron Jones,2980
6001,CSmithTFDR,11,Drew Sample,TE,CIN,Drew Sample,549
6963,CSmithTFDR,11,Patrick Taylor,RB,SF,,0
9229,CSmithTFDR,11,Anthony Richardson,QB,IND,Anthony Richardson,3653
2749,CSmithTFDR,11,Raheem Mostert,RB,LV,Raheem Mostert,1048
4066,CSmithTFDR,11,Evan Engram,TE,DEN,Evan Engram,2892
2309,CSmithTFDR,11,Amari Cooper,WR,,Amari Cooper,2234
3198,CSmithTFDR,11,Derrick Henry,RB,BAL,Derrick Henry,4383
8225,CSmithTFDR,11,Daniel Bellinger,TE,NYG,Daniel Bellinger,1257
7596,CSmithTFDR,11,Elijah Moore,WR,,Elijah Moore,1882
11576,CSmithTFDR,11,Braelon Allen,RB,NYJ,Braelon Allen,2910
8408,CSmithTFDR,11,Jordan Mason,RB,MIN,Jordan Mason,2935
5947,CSmithTFDR,11,Jakobi Meyers,WR,LV,Jakobi Meyers,3150
8167,CSmithTFDR,11,Christian Watson,WR,GB,Christian Watson,2641
4137,CSmithTFDR,11,James Conner,RB,ARI,James Conner,3216
2133,CSmithTFDR,11,Davante Adams,WR,LAR,Davante Adams,3674
9501,CSmithTFDR,11,DeMario Douglas,WR,NE,Demario Douglas,2428
8131,CSmithTFDR,11,Isaiah Likely,TE,BAL,Isaiah Likely,3207
1166,CSmithTFDR,11,Kirk Cousins,QB,ATL,Kirk Cousins,2244
5870,CSmithTFDR,11,Daniel Jones,QB,IND,Daniel Jones,2384
8111,CSmithTFDR,11,Cade Otton,TE,TB,Cade Otton,2789
11610,CSmithTFDR,11,Malik Washington,WR,MIA,Malik Washington,1861
421,CSmithTFDR,11,Matthew Stafford,QB,LAR,Matthew Stafford,3303
19,CSmithTFDR,11,Joe Flacco,QB,CLE,Joe Flacco,1481
5849,elGansito,12,Kyler Murray,QB,ARI,Kyler Murray,5681
9756,elGansito,12,Jordan Addison,WR,MIN,Jordan Addison,4951
9495,elGansito,12,Rakim Jarrett,WR,TB,Rakim Jarrett,802
9753,elGansito,12,Zach Charbonnet,RB,SEA,Zach Charbonnet,3336
4149,elGansito,12,Jamaal Williams,RB,,,0
10231,elGansito,12,Elijah Higgins,TE,ARI,Elijah Higgins,1022
3257,elGansito,12,Jacoby Brissett,QB,ARI,Jacoby Brissett,873
4089,elGansito,12,Gerald Everett,TE,,,0
3200,elGansito,12,Sterling Shepard,WR,TB,Sterling Shepard,663
6803,elGansito,12,Brandon Aiyuk,WR,SF,Brandon Aiyuk,4242
5980,elGansito,12,Myles Gaskin,RB,,,0
11582,elGansito,12,Carson Steele,RB,KC,Carson Steele,976
11626,elGansito,12,Xavier Legette,WR,CAR,Xavier Legette,3049
11562,elGansito,12,Spencer Rattler,QB,NO,Spencer Rattler,1847
11199,elGansito,12,Emari Demercado,RB,ARI,Emari Demercado,895
9225,elGansito,12,Tank Bigsby,RB,JAX,Tank Bigsby,2967
4454,elGansito,12,Kendrick Bourne,WR,NE,Kendrick Bourne,1288
4950,elGansito,12,Christian Kirk,WR,HOU,Christian Kirk,2712
4080,elGansito,12,Zay Jones,WR,ARI,Zay Jones,856
7565,elGansito,12,Terrace Marshall,WR,PHI,Terrace Marshall,916
11632,elGansito,12,Malik Nabers,WR,NYG,Malik Nabers,8532
8221,elGansito,12,Keaontay Ingram,RB,KC,,0
7523,elGansito,12,Trevor Lawrence,QB,JAX,Trevor Lawrence,5455
4034,elGansito,12,Christian McCaffrey,RB,SF,Christian McCaffrey,4656
8208,elGansito,12,Tyler Badie,RB,DEN,Tyler Badie,933
8137,elGansito,12,George Pickens,WR,PIT,George Pickens,4210
7569,elGansito,12,Nico Collins,WR,HOU,Nico Collins,6630
827,elGansito,12,Tyrod Taylor,QB,NYJ,Tyrod Taylor,773
2711,elGansito,12,Taylor Heinicke,QB,LAC,Taylor Heinicke,550
5906,elGansito,12,Dawson Knox,TE,BUF,Dawson Knox,1686
5284,elGansito,12,Jeff Wilson,RB,,,0
829,elGansito,12,Andy Dalton,QB,CAR,Andy Dalton,680
6783,elGansito,12,Jerry Jeudy,WR,CLE,Jerry Jeudy,3822
9487,elGansito,12,Parker Washington,WR,JAX,Parker Washington,1989
